,id,name,symbol,slug,cmc_rank,num_market_pairs,circulating_supply,total_supply,max_supply,infinite_supply,last_updated,date_added,tags,platform,self_reported_circulating_supply,self_reported_market_cap,quote.USD.price,quote.USD.volume_24h,quote.USD.volume_change_24h,quote.USD.percent_change_1h,quote.USD.percent_change_24h,quote.USD.percent_change_7d,quote.USD.market_cap,quote.USD.market_cap_dominance,quote.USD.fully_diluted_market_cap,quote.USD.last_updated,timestamp
0,7050,4q5st6hubx2,txmu9crh3no,kfzfoqvwp9l,2745,3377,8687,7571,3668,,2024-05-11T13:24:43.188Z,2024-05-11T13:24:43.188Z,"['3lxr8kf6goo', '1g6bq727jdw', 'dntv7lgim4', 'a13n9lgs76c', 'w3c3c7fwgj', 'abd0eun1j9', 'y9hp3qg9pon', 'h6nmnp111yv', 'kscn3u87vcc', 'xt2d1ezbm0l']",,,,0.28469743363376443,3544,0.07488787243987827,0.43425788297784074,0.2864076147423036,0.06671848494057553,0.8798999455889835,3537,0.15060062579794153,2024-05-11T13:24:43.188Z,2024-05-11 18:54:43.406411
1,6694,qnyajln87ye,uyl9scqsth8,bv1j28oyfa,2902,9265,5375,3735,9120,,2024-05-11T13:24:43.188Z,2024-05-11T13:24:43.188Z,"['a3kf83ptuer', 'bxlwd6rkrch', 'kthg1qr3s4', '3fsuj700514', '5asrffukhvk', 'p2v0g7pw18d', 'pqyp70zhz7', 'vfv7gayukm', 'yjmvs39a53', 'p01mqrrwkg']",,,,0.012088689708325218,1061,0.25689319986197345,0.13126927404421762,0.12794378427816522,0.7142402788199698,0.5815569176197555,3799,0.3243863166573462,2024-05-11T13:24:43.188Z,2024-05-11 18:54:43.406411
2,2401,3lk6xudi1mg,625n3jf9ts7,rbf6vtk7yn,1471,3939,5679,921,2577,,2024-05-11T13:24:43.188Z,2024-05-11T13:24:43.188Z,"['clggfyw26bl', '9uf4c82kaqw', 'mm3s5edp1m', 'w1hgvwem9oi', 'rh4axa4ns9', 't7m5yoeapuj', '5zluzly74rc', 'b742kpchkmw', 'lgmvkxhdowe', 'fy9icj7rwt']",,,,0.889485363973991,1543,0.4376498110366105,0.564891431440601,0.044445862975105,0.6923275192973075,0.6389932752533745,4560,0.17630457601004323,2024-05-11T13:24:43.188Z,2024-05-11 18:54:43.406411
3,8682,5orzrmp60f3,jp559pom9el,mu9njcj3wig,8142,6394,9742,3940,4616,,2024-05-11T13:24:43.188Z,2024-05-11T13:24:43.188Z,"['4fuj9jkhuu', 'cok9t7tcrfg', 'dpt6ufx06re', '3649g18t02j', 'axdx2j2gyki', '1hh6u02f9rw', 'nim7p69ki5', '2ufegsrgg8f', '6nkopqujn1', 'qi5c7lpmhgf']",,,,0.8155352193519791,5536,0.8268454739917299,0.5828745118929421,0.7120894122930963,0.726456118058485,0.9752238942787186,5413,0.039868291959430646,2024-05-11T13:24:43.188Z,2024-05-11 18:54:43.406411
4,446,7y43q9zc7ve,hhp03rgpg68,jgs8puhpjic,1777,9857,4277,3339,1130,,2024-05-11T13:24:43.188Z,2024-05-11T13:24:43.188Z,"['cp0lulm94bq', 'z2s8sq56sv', '3mh22a2ywgf', 'f6hbikfimfh', 'm7sentncvue', 'u834poh22as', 'kyosx97p9to', '34bafszw0ve', 'mkbxmvqn7g', '1qt95ryjd3w']",,,,0.17906028115811679,446,0.8801226355104994,0.6159116586290032,0.7852980745567517,0.6934586638299305,0.475779891602093,4700,0.7752077833179369,2024-05-11T13:24:43.188Z,2024-05-11 18:54:43.406411
5,8000,g8s5vixgg5,j3b7wno8lop,ehw26dvezaj,9212,4074,9921,8727,5319,,2024-05-11T13:24:43.188Z,2024-05-11T13:24:43.188Z,"['x0cy7h1afha', 'b5kdm6oh1d4', 'e9jq7us0o9q', '2m8peere4fw', 'kwnw610tbbc', 'rb3tabxgtpa', '345yem54dct', 'z0to0mtkyo', 'k8r1ifgze', '5gezdb7kybo']",,,,0.911697179245667,7095,0.9226935733794572,0.229966567497482,0.23896252167194398,0.5502087525852342,0.2671962927861382,3031,0.5103041582566952,2024-05-11T13:24:43.188Z,2024-05-11 18:54:43.406411
6,2777,xeq5hk5x1j,gww3lk63w1p,mjc9sv92rhb,7171,9524,8609,6948,8170,,2024-05-11T13:24:43.188Z,2024-05-11T13:24:43.188Z,"['zi9jzyxpcus', 'p8jx6jml4lb', 'hln11qlm94k', 'n5sjgmxm6n', 'luf0zb7fiwd', 'yjqhyn8yrj', 'yn3c8abqz7', 'fg88jhs6gmb', 'kovalpytmab', 'ppx4asm5ox']",,,,0.22336472427163612,2471,0.10107733288743037,0.2669481499904178,0.46358480076709707,0.38679051330912184,0.34172590837411465,895,0.4357691025768822,2024-05-11T13:24:43.188Z,2024-05-11 18:54:43.406411
7,8446,nl94m6nd27,3voov05pa2c,vsme77j2hxb,9000,502,3077,8486,8334,,2024-05-11T13:24:43.188Z,2024-05-11T13:24:43.188Z,"['8k47tkwcbpb', 'v58usquosdi', '8d69t0gczvj', 's4gsz7ibubj', '6sfsgnw3w8k', 'wubqgo55ius', 'bzn4njdcex', 'mxmauttkhho', '92u6ahsq77t', '0of4ocqsxf2']",,,,0.5505878667719706,1576,0.8512250768326086,0.31843526670942923,0.8918442037588168,0.2645596221289612,0.19868058951604395,4812,0.6199203539880105,2024-05-11T13:24:43.188Z,2024-05-11 18:54:43.406411
8,3150,2wubjfua622,fuxy7dlz41i,whgmc63pov,4854,2135,4580,6612,1002,,2024-05-11T13:24:43.188Z,2024-05-11T13:24:43.188Z,"['ncq0xcrk5jq', 'm2f823b460k', '8liju05od73', 'yr9jvlub87c', '06hm8sw44257', 'xyn1knstb7k', 'k9rjldz6uh', 'zgaj46oor', '3mu5xwbmz22', 'n0os67fujk']",,,,0.6427099848547417,1339,0.5322417088491918,0.8871795319878231,0.574625677167288,0.9183982140830598,0.043391996581810144,7990,0.3214157325432041,2024-05-11T13:24:43.188Z,2024-05-11 18:54:43.406411
9,5691,g1tlutinmn6,14vnjdqpwih,cbkgt8vbwtv,5474,4270,7496,7531,5252,,2024-05-11T13:24:43.188Z,2024-05-11T13:24:43.188Z,"['tb4bezw7x7c', 'zpqjj6rokh', 'w3ajvrgf1oq', 'bgl7r0eg9p', 'pau478bdfk', 'bvqula3h5hv', 'mattet5chfd', '2b5gikij8p3', '6qmusilamhw', 'q1lm0sujs2o']",,,,0.7379760938742475,2230,0.3520396798276222,0.5258971330145215,0.9916036284551402,0.0307102783773483,0.4233959421522724,6334,0.4124971217778961,2024-05-11T13:24:43.188Z,2024-05-11 18:54:43.406411
0,7257,xwsar6iogb,l5gct9zt94,zyow08kh6z,8179,2077,2057,2483,2048,,2024-05-11T13:27:44.644Z,2024-05-11T13:27:44.644Z,"['41kilnvgdpf', '000ful4uc91k5e', 't0ffu39sve', 'fdsjtm02uc7', 'rjmhd09nn9c', 'lijb7cyjmad', '4zi6ojozdst', 'ntslh6fmqrl', '9hyy0xch82p', 'tpmjcisp78']",,,,0.12417680726189428,9563,0.9359451553433531,0.016138568254162378,0.489705394441577,0.22160485469766789,0.9556247821414856,6149,0.4656247044769033,2024-05-11T13:27:44.644Z,2024-05-11 18:57:44.842024
1,5110,wppconytv6,veg8r5gezwm,dyoi8yiehxq,7940,4656,1819,170,1071,,2024-05-11T13:27:44.644Z,2024-05-11T13:27:44.644Z,"['0ih2mk5jsnqk', '7n7ibea3t4b', 'xm38sl8wrkn', 'eojxxvac7x', 'r3hpcyrdlp', 'dysbwahk12p', '5emhlc8siz8', '8gbdx7juwna', 'syzzcix565p', '83av5vhca3l']",,,,0.8804308282840327,3184,0.729497318557017,0.8946796724159249,0.3418233433194455,0.7979517573527319,0.5523574457623472,5222,0.47348099294352863,2024-05-11T13:27:44.644Z,2024-05-11 18:57:44.842024
2,2569,xvqhvn85cp,zvlimjbwy6i,a9ndzdmiya,4782,3757,885,7208,6571,,2024-05-11T13:27:44.644Z,2024-05-11T13:27:44.644Z,"['qxpgdvc3cb', 'qqltefryh8q', 'hq95njzu3sp', '0njmyy0tw0q', 'kvdswkzt30r', 'k0eo2arokki', 'fr4r2qbhdr4', 'vbau8exg33q', 'e57fa1v2bd5', 'wh3ve1r2a87']",,,,0.7023464672794708,1855,0.25649259850009876,0.6546708090621225,0.18192825123574985,0.4349266171289319,0.9560997137001819,4256,0.086972541380544,2024-05-11T13:27:44.644Z,2024-05-11 18:57:44.842024
3,2268,7lgj1qgr3lp,afksuijd0n,s27x0hvqf5,8381,2842,2892,2021,2030,,2024-05-11T13:27:44.644Z,2024-05-11T13:27:44.644Z,"['ua81z8vm1f', 'sp3qjrhdes', 'eclzfxagnp4', 'zl8wax58zf', 'lyfoeoc7srq', '5uh6imgb50a', 'unplev5tx9', 's6b2w0euxh', 'f5953widqfh', 'zau333lg3n9']",,,,0.5318368787795298,1335,0.40381739168746833,0.8901055634900301,0.8669625936534402,0.7995741304990476,0.8534227363857121,5043,0.7223037089676054,2024-05-11T13:27:44.644Z,2024-05-11 18:57:44.842024
4,38,ku57a3uyh9r,4iicopkso3o,kvkjtfo8qv,9620,341,9895,9084,2778,,2024-05-11T13:27:44.644Z,2024-05-11T13:27:44.644Z,"['eho9avk427n', '3zpxizdj943', 'x3ja0i2ipk', '1dp3fxwsv94', '31txqjahds3', 'd5rv6hyjp17', 'mwi66ojwx4', 'csaey3s1ak', 'me3jdkxe49', 'wpn00umfyqs']",,,,0.36569060861408187,5059,0.34898704556145344,0.8981839706094028,0.6129324586676099,0.6887598975243565,0.695138766108802,8528,0.8882347982201713,2024-05-11T13:27:44.644Z,2024-05-11 18:57:44.842024
5,6080,igy32ll4hzr,bm3i03j6rx,o44hghup0ie,6634,6844,2649,2504,277,,2024-05-11T13:27:44.644Z,2024-05-11T13:27:44.644Z,"['7sage9jsbjt', '5bf0tepk31o', 'vvz9med1fr', 'p0qw51xdemg', 'm97uq228kim', 'xn6wzfpvhm', 'zy23h1dywed', 'kfnimkb77y', 'hwqc8i9vpp', 'd9udtdh79df']",,,,0.8707793950204503,5511,0.03427092508382068,0.9243014349125116,0.7991253327526673,0.27604620468372665,0.6127519923546327,6185,0.5935298900473487,2024-05-11T13:27:44.644Z,2024-05-11 18:57:44.842024
6,9920,xggu7q9rpt,ilqxazufp2l,25sddvnys4w,4972,6489,925,4226,4615,,2024-05-11T13:27:44.644Z,2024-05-11T13:27:44.644Z,"['olgpula3pk', 'mqozeih4w9', 'ovypltf8uso', 'a7l9dyizx5', '9op28vbrd6', 'ic9q8vt2dzm', 'q5pptszxf3', 'xzmhyqqg2ue', 'b0rlyxbmc4u', 'ytt6l4tx31']",,,,0.046696388164784386,4063,0.6443510982266938,0.27143794742704497,0.4539423686167465,0.10543610700665917,0.6726762964335193,7697,0.17093780775628376,2024-05-11T13:27:44.644Z,2024-05-11 18:57:44.842024
7,1890,9qu1q08tcfs,mi1n16xdzkc,k71imdljisg,9746,1269,600,7572,373,,2024-05-11T13:27:44.644Z,2024-05-11T13:27:44.644Z,"['jitwsskz0gp', 'oa3uqsy5jm', '3h8v4i0b9yr', 'ubgcvydx0t', 'pm4nspegde8', '30l37pmg19g', 'a0dnyefxdyi', 'jmg8t5smo4h', 'ay5luld7kt', '0sxxgizt6h8']",,,,0.12681572516695194,7909,0.08866214600300104,0.02245603197235324,0.16887397533278836,0.9822391857866677,0.049069268979909264,8624,0.01604245061206422,2024-05-11T13:27:44.644Z,2024-05-11 18:57:44.842024
8,4060,el6k45jeu7m,jns8p470mb8,xi0pob1zoh,3225,6586,3525,6769,6754,,2024-05-11T13:27:44.644Z,2024-05-11T13:27:44.644Z,"['vczu23xhl9', '0e4kc5yn23n5', '10h4osr657dg', 'zb8q7kk8lxn', 'b6pvt0qghlj', '5mr4hqqged2', 'aja0mxxtsku', 'sur0pi7teth', 'u4wzill043', 'p8nty542bd']",,,,0.5469317330049859,8130,0.6010859933467403,0.6656470166734132,0.36315839711637543,0.219434834428738,0.7385780633345758,6158,0.2590828402405181,2024-05-11T13:27:44.644Z,2024-05-11 18:57:44.842024
9,7095,1akgcuvg2de,vun6r8b00ga,o111367htmh,9844,3624,8989,5227,7183,,2024-05-11T13:27:44.644Z,2024-05-11T13:27:44.644Z,"['f8a13wbd4a7', '0obgpz2enl5', 'ii1wz0f522', 'r8d1a11164', '8bzizsj06gq', 'j6cesaubazm', '5vxbaqj7j1o', '4yhce6okpsw', '1xg4bhx9cvt', 'legfqofcrw']",,,,0.3355403842328428,5425,0.7165692983737408,0.882074442874329,0.6289274654118067,0.6400476559443509,0.17935004047951386,6282,0.6025778164587237,2024-05-11T13:27:44.644Z,2024-05-11 18:57:44.842024
0,9552,t59bvyyyhho,0iw0968ha91,x7b98xo72xl,1843,7014,2297,6995,5947,,2024-05-11T13:37:16.956Z,2024-05-11T13:37:16.956Z,"['doyp1c66b7k', 'z6iybj997q', 'itpw2ckzyae', '2v64w2zz8u6', 'd9rf4bs12uq', 'c29qerrm3d', '93utw91c2dp', 'yjx61tq5os', '200n7t6fjl5', '5us5vcenf6a']",,,,0.16407216228920896,3987,0.19889908981444804,0.08866706596889706,0.3649669258002506,0.7993982469086127,0.5231348369985014,5866,0.0468959956330679,2024-05-11T13:37:16.956Z,2024-05-11 19:07:17.160049
1,6384,0udg8c2456zo,ak7rcvayxs9,aoweomk68wi,1600,3521,1855,2520,3558,,2024-05-11T13:37:16.956Z,2024-05-11T13:37:16.956Z,"['4dhx0t2amks', 'ehypealnz3q', '43rvonzqrr4', 'eld6yskj1d', 'ncme4tadtwl', 'n4prvtp30pk', 'pf109jpfsck', 'c5v5hu5e21c', 'y2nk1qs9gk', 'hfed282m8ir']",,,,0.1341386642120881,8663,0.2351302819444081,0.8306782493921365,0.0004446397278758951,0.8934535011708498,0.29157527443137,8915,0.8584313939118879,2024-05-11T13:37:16.956Z,2024-05-11 19:07:17.160049
2,5671,w8ksu8q3e4s,4n95qw5qvbi,j5lwh9jrdel,2978,7672,3436,992,432,,2024-05-11T13:37:16.956Z,2024-05-11T13:37:16.956Z,"['zkyp0afue', 'dcj7jhu9lch', 'u9tmbdl6n4g', 'rhn3g1i2yk', 'pk4x46wip0d', 'xk2a6gjbglm', 'cz9e7pn0lv', 'tnvotqhspq', '3pl26izkpkl', '2qa110urhck']",,,,0.4217054112783021,4175,0.7586061671029536,0.10048159278401125,0.8904335761875708,0.6440126144227825,0.4369597625660413,9607,0.06856281106614448,2024-05-11T13:37:16.956Z,2024-05-11 19:07:17.160049
3,4999,kli5m0dx0z,xzh70ni9ots,km1o2431hnd,4750,9595,7101,2842,2285,,2024-05-11T13:37:16.956Z,2024-05-11T13:37:16.956Z,"['7skl69xhfuj', 'wf6yi4pse5', 'ugsceujlc5', 'm5nfh5tywh', '3ykl2jr96v6', 'o8fowenk34', 'aod111wixx4', '91ov7akb9k', 'umr7ozi4cuf', '22x3fh53v2t']",,,,0.15154468353151795,3655,0.5042283508451906,0.9262000553368146,0.7919594825716905,0.9918439212774606,0.4348227195518024,2206,0.40952911972782147,2024-05-11T13:37:16.956Z,2024-05-11 19:07:17.160049
4,5760,kyvcujfy5x,bqctfpdi6a6,9yx8jr7qfnu,9419,3986,7917,2469,6672,,2024-05-11T13:37:16.956Z,2024-05-11T13:37:16.956Z,"['1kmqpcp99k3', 'y39b6mkr5k', 'e8c0exp1s3q', '2nd93u86223', 'p8pnuf2lsr', 'cv5k02bhc3u', 'm18az8sajq', 'ouujpv8euuo', 'y554n9t8ua', 'miqwo3bxrt']",,,,0.7092635517411658,9557,0.44204809520096533,0.003515067231407709,0.6514612245561873,0.46105895198674474,0.862237459270861,3505,0.6957156914731328,2024-05-11T13:37:16.956Z,2024-05-11 19:07:17.160049
5,622,ze75y7wpjkf,mg0se51sd0b,5d9pyjzz71w,9846,6593,5519,135,4546,,2024-05-11T13:37:16.956Z,2024-05-11T13:37:16.956Z,"['t02da9rf5d', '93olkvpr0xn', 'gt2unm6jzyj', '7s29rydbl2u', 'icjivvqn0ch', '3ka9upof3sp', 'd23r4cr2c6g', 'd9gixqn1zft', 'l3zelsraphi', 'e5t853hikxq']",,,,0.9312206640876965,9253,0.42041223176833387,0.2158419713397759,0.14636105000418254,0.15311517800005636,0.6141445187349073,3237,0.435531571794771,2024-05-11T13:37:16.956Z,2024-05-11 19:07:17.160049
6,4202,dwgputqqa3b,mc1mm3z53ci,0jaj77nrhujc,6272,8801,2396,7940,338,,2024-05-11T13:37:16.956Z,2024-05-11T13:37:16.956Z,"['psf8e5yj23d', 'ep5pnk5jeuw', 'vffjn9vaure', 'rrfu76a9rl', 'dcjhh37ys6l', 'o67dfved4k8', 'xtawdbw1ffn', 'q4t5sa090z', 'fo20q6dos2i', 'j3jvoez127j']",,,,0.38229066571245696,2544,0.9379830140912839,0.6960742488458203,0.6747261204667669,0.9251524146492565,0.35780931821014406,1469,0.8916713717711471,2024-05-11T13:37:16.956Z,2024-05-11 19:07:17.160049
7,3378,q2thk98m95,yn6ogsdsoka,ikm3ov9a9gm,3842,5491,5767,7930,323,,2024-05-11T13:37:16.956Z,2024-05-11T13:37:16.956Z,"['pbnxartbf8g', '20l7uf66rkj', 'afocivwufwq', 'ariv281wqj4', '2p5n8evhbiu', 'wwv4w4sybuo', 'lj8mv5bn9tf', 'vwt8d521u1q', 't38j489hpjf', '9y9jyxhhxn9']",,,,0.30459997331887334,3129,0.016932618675453925,0.32646310693300973,0.12480822587873308,0.0424864620440113,0.3890258625691734,3857,0.3848233687081595,2024-05-11T13:37:16.956Z,2024-05-11 19:07:17.160049
8,8099,6f8edqfhog,p1mgsjdcmlk,gvha5hezcme,5371,7064,9764,9491,5316,,2024-05-11T13:37:16.956Z,2024-05-11T13:37:16.956Z,"['m9i55r3n50s', 'vpmxcu4j3nk', 'x923hm8geq', 'y9mmff7jta', 'i625dqtdrq', 'a5cmhm6grcs', 'c2bgs0k1cv', 'b2qwiwozbtm', 'zeqfho051m', 'xsqf6slbgr']",,,,0.6468960857054205,962,0.033154572122201076,0.1394917011824779,0.10527267364222226,0.597025231254789,0.8628949368202019,8254,0.7358004692523756,2024-05-11T13:37:16.956Z,2024-05-11 19:07:17.160049
9,3055,ti4l9lmpha9,8y8pcsegk4r,jyy0rzwqbu,4247,696,3943,4994,9930,,2024-05-11T13:37:16.956Z,2024-05-11T13:37:16.956Z,"['iqcewuz1f7', '3v6cb9s93o2', 'bhblbrqtv1', 'xszjun2io6', 'ww4ixct2qbc', 'npuug0yeez', 'l4ghy9kbtd', '2mz4v3epdfl', '1zycaa0bb5jh', 'bsqvq50ibte']",,,,0.3652900458901871,7028,0.837101843270958,0.8214712999370057,0.8358628535582293,0.04920030159801447,0.1458352786547079,1873,0.09340716772834812,2024-05-11T13:37:16.956Z,2024-05-11 19:07:17.160049
0,4119,qtyuhufuffr,i3y5n1yze1,ih3xygvn5c,1394,745,4570,1661,5511,,2024-05-11T13:41:45.459Z,2024-05-11T13:41:45.459Z,"['v6ep5gdprjn', 'ut7xhkda1t', 's208b0jdvr', 'b5sfz1legnv', 'ewft3r21h2q', 'ifzhp2fe1v', 'uh5t6w0ka6l', '44mopn36iuf', 'go3kbl8dotj', 'z9yen67gku']",,,,0.04682559132883557,2396,0.874158848724037,0.3195774198117385,0.2270261887918592,0.9856004228382371,0.4896804965501087,8314,0.8084075932623014,2024-05-11T13:41:45.459Z,2024-05-11 19:11:45.657835
1,4022,qksvfc0fmx,cbooux45sqj,mbiet2n5n,6952,2834,4556,2144,3061,,2024-05-11T13:41:45.459Z,2024-05-11T13:41:45.459Z,"['zphv5f4b819', '6wswzg8v3j4', '379qgpuzsfk', 'nfhv2aadiye', '1rlxxdt2zzp', 'm29t94rd38m', 'gu2j3a7ni29', 'ym5fk22npm', 'nirkz0dayw', '0ddnf74ib34h']",,,,0.9336957088112465,1185,0.9974755114226763,0.7881534289577918,0.07725061725121996,0.5786346560995916,0.08147651852813542,6597,0.6281775370860421,2024-05-11T13:41:45.459Z,2024-05-11 19:11:45.657835
2,3729,045s1rchdsq,1ff68bgwzrg,12e74rxvtock,1282,5773,6992,9748,3206,,2024-05-11T13:41:45.459Z,2024-05-11T13:41:45.459Z,"['g5iysy5gppe', 'q6qrk0jy0dk', 'mcnqgkyh0jg', '5ckuat4r1t7', 'q4ubuur21fb', '1zo92xlxzuh', 'pg8jhq5nc9i', 'xl9gvo5v01k', 'fxoqt4ilb8h', 'j96igkspgx']",,,,0.2210036223647407,7589,0.8780737044823328,0.6606473381082532,0.6735679980038767,0.32145647286261414,0.33081992463287113,1006,0.9752190954360493,2024-05-11T13:41:45.459Z,2024-05-11 19:11:45.657835
3,9607,chnsb872pa,rfvnp3pufo,7vxykqmh22t,1509,21,1299,1316,4930,,2024-05-11T13:41:45.459Z,2024-05-11T13:41:45.459Z,"['fmndvn5o8fm', '16zh1wgap84', 'fgawrszm65p', 'rtee3l8kkgh', 'idx1dkukves', 'dh2mgpext1m', '16w79lhltdth', 'fk0mfrizby', 'xyym5m3cpr', 'fwgbr9uczws']",,,,0.10801906657843285,531,0.16206207838171305,0.39246502546065387,0.9365263743173324,0.36027107737455943,0.8853184363668705,4433,0.34335717755589634,2024-05-11T13:41:45.459Z,2024-05-11 19:11:45.657835
4,4407,5taloqj8zq2,kl95ve9p9g,ytykj4fv4qe,7304,9520,7465,6576,6106,,2024-05-11T13:41:45.459Z,2024-05-11T13:41:45.459Z,"['s77krbyw5ks', '4aau7d581dn', 'vrmiwvi77qd', 'xrf07yzifgm', '5hiuromo8zu', 'gwp4acshcua', '2enqj7f9xwu', 'jdnpyoswiki', 'z65wv5kpq0j', 'wt36judhjoe']",,,,0.5765330198952325,5934,0.2227495002919022,0.060258821353269765,0.6298537959028261,0.36745404464118203,0.2050864452896437,1398,0.310334961969972,2024-05-11T13:41:45.459Z,2024-05-11 19:11:45.657835
5,1717,0uaitpeud21,ks7itrbjgs,ojfizba3ebr,4384,9341,6973,1320,5672,,2024-05-11T13:41:45.459Z,2024-05-11T13:41:45.459Z,"['edm1ryjjkqg', '8bdus1ekkcj', 'tfj11w9ayff', '4dujbmgdvxh', 'wrn3597grd', 'mho8ls70w7', 'abvn8hncaoh', 'vwxi9kar9s', 'iil1ea6t2a9', 't1m0xrhacvb']",,,,0.46322288909189413,349,0.3470661820073273,0.7022486794470586,0.574751433096657,0.17335534678828046,0.9764322371716345,9561,0.8397006819808002,2024-05-11T13:41:45.459Z,2024-05-11 19:11:45.657835
6,5276,xgx6sonxjkr,wne5w0luwg9,wdtthzkguja,519,2600,9905,6108,3773,,2024-05-11T13:41:45.459Z,2024-05-11T13:41:45.459Z,"['xfv3c26ids', 'evhuxf8ruof', 'vde5c4rlfgq', '6rk6q3kaohv', '7ttu4jtckja', 'f1c1rpkgfxd', 'd94sfwdwtj', 'tvkdreeshg', 'qrv259nqb8g', 'azs0qyejmn8']",,,,0.76293768874655,3252,0.854548489069141,0.4533581724142415,0.8636229577728396,0.7086720599090739,0.6554013265808387,9509,0.7924750589158054,2024-05-11T13:41:45.459Z,2024-05-11 19:11:45.657835
7,2228,nx52heewddh,63ivtuouhwo,6lolkd5u8zb,6202,369,2035,2936,3737,,2024-05-11T13:41:45.459Z,2024-05-11T13:41:45.459Z,"['b6sh1ijmn7w', 'zkik5fm065k', 'u9mq0u578po', 'c033ow8685f', 'aul4ozdmlok', 'jg6nzt81ze', 'w6vz7h3xcmp', '4ln2s72drka', 'vthe7qpwvj', '4rwhnh6n8ty']",,,,0.18208324032719858,3010,0.08299380106525978,0.022616668595921263,0.7173660580599899,0.1357644278001955,0.33465728200175215,2584,0.400881581551096,2024-05-11T13:41:45.459Z,2024-05-11 19:11:45.657835
8,2362,aao82gu14ai,inng5sg54o,ixrqme9ufno,9748,4736,2803,1345,1724,,2024-05-11T13:41:45.459Z,2024-05-11T13:41:45.459Z,"['ortmy9xaeea', 'vpr718sttah', '59myouop31u', 'eg68a0wjbn', '0nuxxjd62rz', 'ks1qtyz2zxq', 'nam09f4qb5e', '3c00u1v20p7', 'or5107hpuyq', 'r5p8tap1u79']",,,,0.9947987271230363,2294,0.9668168069910439,0.7481415805866913,0.24131220102205653,0.21331521349751115,0.0571097162388281,2404,0.7584450176212014,2024-05-11T13:41:45.459Z,2024-05-11 19:11:45.657835
9,1100,le5eity6e,ap9aar7uyd,l1vlnuxb9jj,5752,1014,2271,6995,7090,,2024-05-11T13:41:45.459Z,2024-05-11T13:41:45.459Z,"['5hquvky4zo5', '893j7hsct4k', 'h9xt6qd801g', 'ugq1fimd4m', 'aedwu2ko0n', '3w2cg1r8vt9', 'bpo0rhxvhx5', 'igjh4y9cxo', 'sr2a7c6y45j', 'njctziis4b']",,,,0.5683232519811676,3328,0.07628403221472024,0.5087158403149468,0.3124180875138576,0.04250893328601024,0.4315281116359906,5001,0.08201622707198508,2024-05-11T13:41:45.459Z,2024-05-11 19:11:45.657835
0,6469,9fsidf8jabm,arvcp0hqb0q,uc3eiithdam,1550,8501,8778,7387,8617,,2024-05-11T13:42:46.891Z,2024-05-11T13:42:46.891Z,"['g81ebjucuj', '9frzuimhtwf', 'uutlpcohjm', 'eobu26r1ycf', 'yghb3mq9n3q', '9diujjfy4h4', 'mh2ivel7uvf', '3hebnh5plbd', 'tznzud94eti', 'xf4ta2n47yr']",,,,0.21319473462148641,1766,0.33991137735572385,0.9613846001110415,0.015739756226981205,0.018793780225479395,0.8651639632753088,8675,0.09624768598360633,2024-05-11T13:42:46.891Z,2024-05-11 19:12:47.091286
1,8365,jpizf6xwqq,87rz7yq3fsb,co0gr26ox9m,4732,9952,8590,8627,8455,,2024-05-11T13:42:46.891Z,2024-05-11T13:42:46.891Z,"['mwcwx2jizdk', 'uzve15hp3jb', 'tu8os5w76vj', '9ybrmyuh44q', 'ks3rq60gcvn', 'umuovpn8h3', 'rh2b90nlxll', '9i2sozs3609', 'qgg7gykpfo', 'ufm6xak7wh']",,,,0.9665743798126911,9295,0.7288389951340164,0.2549384935443686,0.7982149382609902,0.4705860565525417,0.24196106655097505,3624,0.41771114424072464,2024-05-11T13:42:46.891Z,2024-05-11 19:12:47.091286
2,3126,rrzedruwjy,mjni9aoo98,lmo2zzdhr6,5638,750,7115,3322,750,,2024-05-11T13:42:46.891Z,2024-05-11T13:42:46.891Z,"['sv4r1cqxrf9', '1dx24vniypg', '7yej1hcc6mu', '3s4800t2zx7', '8ij0vvozc2', 'rrxdllky85m', 'uuz4rsgsdu', 'yh0i7jspjp', '7ojt9e8sdtg', 'ecfet1r0dkm']",,,,0.6070164198890255,8271,0.5662139469426541,0.8771599956610088,0.4216244966159093,0.459119200201795,0.46490912576524046,3394,0.6547638803113467,2024-05-11T13:42:46.891Z,2024-05-11 19:12:47.091286
3,3503,po0w3n2t0e,dfy8jjqtdlk,cdzs260ymbn,184,6489,37,7890,2395,,2024-05-11T13:42:46.891Z,2024-05-11T13:42:46.891Z,"['scnuz9iosgn', 'qz40k5n8049', '0levl8dinapp', 'm142y3cn8nb', 'h6b3kqef5wr', '30i3lbecitd', 'kpmhwbtiqv', 'aepqovnoavl', 'kozo15tvw49', 'cf0s4ii7typ']",,,,0.8749049997964995,89,0.5788393363227826,0.5233087631003646,0.968492019089124,0.6911546899777743,0.2682931440329801,8207,0.8232975324875984,2024-05-11T13:42:46.891Z,2024-05-11 19:12:47.091286
4,8106,aslb2m4539j,ruzyd6875d,xgdmjz6i27,9959,2051,5635,400,3497,,2024-05-11T13:42:46.891Z,2024-05-11T13:42:46.891Z,"['nu8ep70tqm', '04vews90ahxn', 'nqzod66no1r', '6ka3vt3ta25', 'hst8orihjdd', '8e93w8zm10n', 'onopxu93c88', 'w43idzn9kls', 'wr6irqqctk', '6cukqpbris']",,,,0.5558538788842173,2026,0.4091486418567458,0.5664272058662942,0.7879195437013504,0.8625139614921165,0.7216412638188012,2517,0.13296256720707933,2024-05-11T13:42:46.891Z,2024-05-11 19:12:47.091286
5,7866,d6nks79h6t,g4ceaa1b4l5,g33rkdxwbgp,8008,6841,6665,525,538,,2024-05-11T13:42:46.891Z,2024-05-11T13:42:46.891Z,"['hdp33f8g39r', 'ugearruo3v', 'qdk17nxmhgj', 'r592sxrhv4n', 'z8lvnreh2i', 'c3p7czn6i5h', 'x5fqc3yad8c', 'bw9isdzm4oq', 'eegpf8qb8r6', 'px39u0lsiz']",,,,0.2233884218553921,4649,0.9740335603552257,0.5820112352493796,0.8375103155919337,0.6457750684494523,0.12330322556662887,4145,0.2908214628601218,2024-05-11T13:42:46.891Z,2024-05-11 19:12:47.091286
6,1922,patl245g4lm,sd47gcxrxa,jn6ywwi0jb,3783,6275,9937,4568,4673,,2024-05-11T13:42:46.891Z,2024-05-11T13:42:46.891Z,"['ita6b3n94ki', 'q6qyp6imm79', '4t9phvfh97n', '1kkytmrbeaw', 'mjjtrv7rkb', 'w9wogdx481', 'wx52w3rzu7b', 'kcawcocfpo', '640yvt09doh', '9qk0p9s27b8']",,,,0.9695818519009121,1471,0.2716871016241449,0.5878969387466946,0.7491021662870141,0.4227226103882429,0.665464934734965,4024,0.8948987909939725,2024-05-11T13:42:46.891Z,2024-05-11 19:12:47.091286
7,384,3g4omfi6xfa,y7y8jyjcyeh,291lntph8c3,8117,6096,9215,5664,3854,,2024-05-11T13:42:46.891Z,2024-05-11T13:42:46.891Z,"['6m1uxtxi9ej', '7vqh8i367g6', 'k68q36aonp', 'kp5z9beqlz', 'ddahrpytn5', '1hi75yummgc', 'd02s0c9rmvc', 'yila23symt', 'n2o4mhbz98a', 'g11wx4ya93w']",,,,0.16303062268192492,4551,0.46127869740265504,0.772655103193775,0.38250181926036664,0.07992800339958173,0.45612001481998754,800,0.3401487132933656,2024-05-11T13:42:46.891Z,2024-05-11 19:12:47.091286
8,1272,h8gu4joo7i,u1eu8r0w71i,rq7l723y18,3747,3238,7555,228,1058,,2024-05-11T13:42:46.891Z,2024-05-11T13:42:46.891Z,"['r0lxv503cd', '3rrzmd5k8jy', '2cgceneiwhk', 'w2kcui8sq3r', 'y3jscl07a9', '8h28ju34yy9', 'shqlyekrt2', 'im0i7efu62j', 'kze64gxknke', '8pjrcw2ha6a']",,,,0.6614975936510439,8205,0.7138457064990329,0.7823578924756605,0.20285025849407434,0.24649462324917382,0.30883005446368283,9383,0.8328440683200209,2024-05-11T13:42:46.891Z,2024-05-11 19:12:47.091286
9,4086,lh1ai04u65,xues6otu1ln,x838gmnk9a,7203,9593,5527,6280,2959,,2024-05-11T13:42:46.891Z,2024-05-11T13:42:46.891Z,"['4zulnd0crsw', 'h93yb3ky4zt', 'gqt7ze15ui9', '69ml8cqmu2o', 'sy9n8a7vqp', 'gm2qcc63fnq', 'kw8mt28o1n', 'p8fky1y0wy', 't7ym2a359u', 's77kpao6tmr']",,,,0.2617310603431635,554,0.6406501425279085,0.3681276981219812,0.6365448649901246,0.6771042727046797,0.712567773547552,6681,0.5633979501865238,2024-05-11T13:42:46.891Z,2024-05-11 19:12:47.091286
0,2508,kipknkqoddn,k7tlr2q5oz,gj1h9t9l4y,6298,8274,8442,5114,9933,,2024-05-11T13:43:48.452Z,2024-05-11T13:43:48.452Z,"['jgw0ue7ef', 'jzj22u0lbdd', 'tk98tl6x18', 'txrgwjemnf', 'fb5c40yc4k', 'wz0l5r0pau', 'rre2398585e', 'i0jtjhty2y', '4ul1obv00x5', '74nwvx0wsa7']",,,,0.783240419021014,5575,0.5125014507388237,0.9304964410819441,0.2735893926865929,0.521138450752856,0.289763514558562,1132,0.9330806397001699,2024-05-11T13:43:48.452Z,2024-05-11 19:13:48.656640
1,2450,bjigzach0ko,qs8smlwet9i,wtd8ucq7pj,5930,7202,1009,8582,923,,2024-05-11T13:43:48.452Z,2024-05-11T13:43:48.452Z,"['vfw9xuztv3', 'ns7itjrh7c', '0nzy62dr69l9', '1fdyugut3rj', 't8kgpxjmlai', 'fysjxkad5ad', 's04lwjokerh', 'plx9lpoh9dd', 'nq9oa1c5fu', 'loh6y6y665i']",,,,0.8533211838927599,5634,0.10859278660188787,0.7246324058906779,0.132012309286216,0.1875733920870608,0.34134772730948404,1270,0.9338421341742189,2024-05-11T13:43:48.452Z,2024-05-11 19:13:48.656640
2,470,ft9l55n9wp8,uyh6se0wqdc,4w04kwncuqb,7085,5544,4592,2139,7766,,2024-05-11T13:43:48.452Z,2024-05-11T13:43:48.452Z,"['pbh9sen2fb', '7ehezcn4ou', 'uitl8z2kez8', '5w2sjwxdhoe', '6wo78qpoflr', 'z9ascj5fhf', 'xs492wxkwk', '3gou2rndmgj', 'obbqcbi1kz', '0kb3f7x2gj3g']",,,,0.6684558410091597,2549,0.04467235566578931,0.007589613847014398,0.2963937825965288,0.7652668403346758,0.8601998483040563,2044,0.2863286292008205,2024-05-11T13:43:48.452Z,2024-05-11 19:13:48.656640
3,7883,k51u9q9kxmn,mq8eeyogk3,48ctc9v1pt2,1757,4332,6410,6927,7436,,2024-05-11T13:43:48.452Z,2024-05-11T13:43:48.452Z,"['rz8g27dgkdr', 'hogpcajbwwc', 'bcbdtxxgmy', 'ymkyqhw32d', 'cvaom0uyb4g', '9q7r3ng9wj4', 'n5ixc0aoxk', '6rvyntf1zcy', 'ibjh35hp3o', 'jkbbk7imrjk']",,,,0.24922051587191674,1962,0.404570033032309,0.9966268141405852,0.9104886584219472,0.5007750494513041,0.6250817520238805,7678,0.6803749551661986,2024-05-11T13:43:48.452Z,2024-05-11 19:13:48.656640
4,8708,ercmoqpeoi5,inusb4zasoq,q5c2fylskkn,5945,5858,8521,5470,5988,,2024-05-11T13:43:48.452Z,2024-05-11T13:43:48.452Z,"['kqq40jaw9nq', 'rpecvzj515h', 'q354rah8cw', 'oyjpe5hxim', 'gtb5wchotsh', 'k9wezf92ua', 'qm1q9yo9cb', 'r806aa9tbs', 'hm2m1jv92f', 'v7uctv647eh']",,,,0.3006608394090853,7207,0.11124383331493126,0.8045406834903681,0.4921810237936104,0.6477106911369626,0.6569432541779154,151,0.002589663187182456,2024-05-11T13:43:48.452Z,2024-05-11 19:13:48.656640
5,8964,m4620icmai,jew8du6yls,j7vg9850iir,6860,2251,859,3621,5034,,2024-05-11T13:43:48.452Z,2024-05-11T13:43:48.452Z,"['u4fh5ehb82p', 'nuyaye0t84n', 'nsccib5q4w', 'vczj1orq4fl', 'vrpubn6m8x', '09levh1lv79g', 'at26fouso8u', 'irw14gt3xbl', '9dk6bx0e88c', 'd56tsmraedf']",,,,0.79314766305875,1277,0.890733964567481,0.208303087377409,0.3827991116177871,0.22932784915853732,0.1929125088076855,303,0.9985959276038598,2024-05-11T13:43:48.452Z,2024-05-11 19:13:48.656640
6,6865,veg97al5gv,pew3vk8idf,ewg49e98hpv,4328,7024,1890,7290,3903,,2024-05-11T13:43:48.452Z,2024-05-11T13:43:48.452Z,"['xrkfntzj27', '3w70fld3mom', 'dh27roy1jo', 'e5kk2vs1udf', 'ygm1ll2sybp', 'lf58ev46o7', 'cawugo3fso9', 'urd8acg3zf', 'oiz6wfz6cgs', 'abhm2bpov75']",,,,0.8805730372668252,5437,0.7143715455840931,0.3321414482037277,0.45825857981648443,0.3331107446319459,0.29763334065400926,2079,0.9977896839417397,2024-05-11T13:43:48.452Z,2024-05-11 19:13:48.656640
7,1312,dass65rscfr,8rud4mgi1rv,etdu9qxiueh,4322,8136,1808,6258,9237,,2024-05-11T13:43:48.452Z,2024-05-11T13:43:48.452Z,"['w36mhvwqs', '23n3deruvk6', '2671a2rr2h1', 'xbfff9vta6s', 'eaxosu85sam', 'fzsouprk21t', '52ynh92coc', 'fj372zc1ayd', '2n3yakt6i9d', 'av0hztbs8la']",,,,0.03232828886352168,378,0.4750742281136424,0.5855374214415976,0.6913510991865166,0.6894976597311382,0.906304229278279,7361,0.14597433115516556,2024-05-11T13:43:48.452Z,2024-05-11 19:13:48.656640
8,3615,9eewt9mvxko,o5zr9dgoicp,4w38r6lkrs8,8646,9827,7715,6606,1682,,2024-05-11T13:43:48.452Z,2024-05-11T13:43:48.452Z,"['t8uamnhcu4a', 'ew2w43v3rq', 'b0uhnwmqa8h', 'ifbzxwc8crm', 'uegjf34w32s', 'jq7jwh8eqlg', 'd26v3ip5h9k', '7ri8jklt2e6', '9ospa7rqlri', 'gx6ya7wz25']",,,,0.24440562824233347,9390,0.9578161518041408,0.628211336925963,0.22041838501986333,0.8676630587438388,0.7505531489556394,2908,0.7791433694013199,2024-05-11T13:43:48.452Z,2024-05-11 19:13:48.656640
9,7436,oj45lup7db,ketlt7yj1v,bs1epqh327h,7327,2107,7162,9421,4184,,2024-05-11T13:43:48.452Z,2024-05-11T13:43:48.452Z,"['k2x5j3do7i', 'fr5sr3a9vuu', '32dcwzcg3vq', 'i8xdtsf4hz', 'e2gupfgkatf', 'c38ebwbga3s', 'z3lfl8djopd', 'wtm5us4te79', 'o5yu7asmudl', '2g5rqcj2ovh']",,,,0.12966115563768965,952,0.16949320680019708,0.292635735982437,0.8754139549907123,0.9312243780984788,0.5905360697411319,5034,0.8805725530796233,2024-05-11T13:43:48.452Z,2024-05-11 19:13:48.656640
0,2091,hzd56n5wtg,um2w9a63rh,xvbol7dlkjj,7133,4990,7236,7863,4812,,2024-05-11T13:44:49.619Z,2024-05-11T13:44:49.619Z,"['212jr8ihpl3', 'zrbsfjkt6j', 'xz1xdfx2jpf', 'vke9w1te44', 'nwanv2lwk1', 'whqgyzd84ci', '5o8lf6owndx', 'imuengw1okm', 'dapbq22v84e', 'fkwn18mbu49']",,,,0.49602309556142754,9391,0.7060115608282185,0.06770197558698032,0.38492319331959113,0.10287647393235488,0.3129638623251294,753,0.5077205610660427,2024-05-11T13:44:49.619Z,2024-05-11 19:14:49.926406
1,5484,oywiy7vnhyq,uekz5u610qa,ie41m1mm6h,9028,2978,9133,1539,433,,2024-05-11T13:44:49.619Z,2024-05-11T13:44:49.619Z,"['ihr8hqkpeke', 'pwl71273j18', 'chvna16frmu', 'gb01juelg8k', '7zikvw9u5j8', 'sliirr18hjp', 'jadhvswmq2n', '1ukfd5meecc', 'pad5r11xevk', 'uy6mif5iptb']",,,,0.5398117182623614,8987,0.9662477502053952,0.9485915767079336,0.01541090313386917,0.29414459802940596,0.6364484924462976,787,0.1514485553863838,2024-05-11T13:44:49.619Z,2024-05-11 19:14:49.926406
2,1936,cjxwepr0qwo,sp7ieddhqkc,eveqf4nflml,8121,8845,8192,7055,8349,,2024-05-11T13:44:49.619Z,2024-05-11T13:44:49.619Z,"['3rsolew1l63', 'rl5xqv1j86', 'k37slwxgep8', 'h24f4cyw1dk', '5ja0uqv0p8o', '09kxa321nec7', '6x1x2ee9qrf', '43iigmbkhy8', 'tzsqkebpc4', 'kro45u0c7ht']",,,,0.015673549365975203,871,0.9482337091901725,0.8768777868529336,0.9593570117649743,0.6690269404319369,0.322397237799563,622,0.2173277636996258,2024-05-11T13:44:49.619Z,2024-05-11 19:14:49.926406
3,6377,kq4ztd4riki,48rqjmmkgpt,3jcenqctxen,7122,3403,1629,7260,8319,,2024-05-11T13:44:49.619Z,2024-05-11T13:44:49.619Z,"['ry9x1ab9kk8', 'myvp7okm17', 'uqccx7ugl29', 'tz4sxnwk8u9', 'm2zhd8gdcv', 'o4nxbv70m7f', '0crj3kobejdg', '16cktuu2ao', '4odtys1dr3c', 'yj32fb57ssp']",,,,0.8112789519972488,6550,0.2070502475875713,0.2525598788824046,0.4786498617287105,0.5654353699343195,0.31298789118431514,2685,0.19132913852397193,2024-05-11T13:44:49.619Z,2024-05-11 19:14:49.926406
4,7110,kxulum7k0n,mc7pw1kaj9a,yq39ov9afzo,2620,4359,7554,9290,4612,,2024-05-11T13:44:49.619Z,2024-05-11T13:44:49.619Z,"['xcvwgn65n8', 'm0d98e4d089', 'vn92l8q6xkh', 'pbmbwctozfr', '50nlrfwrk4', 'm6nk0v0eka9', '0a07kpuj7tid', 'fm9c9dqcqii', '5lqsr3icpt4', 'pkbv9piw54q']",,,,0.7538127093202924,6900,0.49849379796132487,0.21434974386335082,0.4278571777012774,0.6896405126244207,0.3130515278899122,6973,0.37055966093777015,2024-05-11T13:44:49.619Z,2024-05-11 19:14:49.926406
5,6667,6tfifmr4xco,2p28ziwa1bt,4m5xw2m0dre,6780,625,5835,259,4232,,2024-05-11T13:44:49.619Z,2024-05-11T13:44:49.619Z,"['kriso34ziih', 'afdj1f87ta', 'd5qu6uuwahd', 'o4aurncwfg', '7rg2fbg9t84', 'hahxpbdi2e', 'ans0zg6kslh', 'qhugdgvvuj', 'eastm282jr4', '4kh30fqto7d']",,,,0.016416341995385997,3743,0.9350440151621695,0.3575011394242167,0.23314184670255034,0.43418861136310327,0.28876758990615325,641,0.1827391830379237,2024-05-11T13:44:49.619Z,2024-05-11 19:14:49.926406
6,2239,sc3wp71dndp,86ujqw7swzv,rlkss8t9ahm,6865,4609,4241,1773,4251,,2024-05-11T13:44:49.619Z,2024-05-11T13:44:49.619Z,"['izo8p71bdje', 'e50lk0msynt', 'bn0j82s9t5n', 'u7mc6iwii67', 'i32w3tkhm5i', 'ntc3sih9za', 'xv78wsdp4th', '8r7btmqqupq', 'g4ilpdilrpa', 'wvw4np6kjl8']",,,,0.8872727716033442,8547,0.6364043480752217,0.015034971752913462,0.2292160520437847,0.4263805543667576,0.9628923689207838,6933,0.9217102136734041,2024-05-11T13:44:49.619Z,2024-05-11 19:14:49.926406
7,7200,xg1yntrcaki,a7o092f1psl,r1zkdupkjgp,4725,3359,2742,9942,6866,,2024-05-11T13:44:49.619Z,2024-05-11T13:44:49.619Z,"['fs810hx95wn', 'wunbcoe6uil', '4i3vi32urnl', 'h4efcjb0jpc', '3vy3ezro0oo', '3508obxt67u', '08hsmjc1kltu', 'k2y89zk7tv9', '5y8bodb62z', 'f6uc3bgie1t']",,,,0.20434063025845028,7227,0.9066844458318384,0.35007512965351606,0.12615532511166205,0.16135568462801042,0.9559530420073177,7830,0.0726260162762069,2024-05-11T13:44:49.619Z,2024-05-11 19:14:49.926406
8,9961,yblny0v4a7n,9dc5jxekceg,x1tm9r2skk,3602,2510,3832,2874,6981,,2024-05-11T13:44:49.619Z,2024-05-11T13:44:49.619Z,"['2blaz0i5gze', 'ck14qrsh7i', 'yhw6gimud6', 'coz1d2pehoh', 'bn7rdlbexfw', 'qjnj1opth4', 'pk7p6a3w1jr', 'ekyi16slnna', 'ltzzdi0deg', 'htpkphnazb']",,,,0.11327516729261844,506,0.7579914117375532,0.2007310379322702,0.42474253374388016,0.8937010444084184,0.6332954365890948,686,0.051613658038791366,2024-05-11T13:44:49.619Z,2024-05-11 19:14:49.926406
9,322,te9xfbcyp0r,4h80thyv0za,ahaezxbvlo9,9366,7516,1269,6827,6656,,2024-05-11T13:44:49.619Z,2024-05-11T13:44:49.619Z,"['ac4gsyre1sl', 'gqhakueb30a', '4b30bcgmgwv', '5tu5z5u71dv', '0u7ut5s2u52', '9vddxuxahxg', '9u0f9uyjcmp', 'upqn27x0bd', '5sdo4xxobn7', '2w0qtx4n7ef']",,,,0.8600582934624419,4849,0.3819722839535955,0.23225834407300505,0.7035651376395116,0.09909791788900124,0.018010933822840247,4751,0.0408937295349141,2024-05-11T13:44:49.619Z,2024-05-11 19:14:49.926406
0,9610,xxhvjco1g6r,29gd2z4i9in,fvtj5r5fecd,5119,1272,6177,3424,2438,,2024-05-11T13:45:50.869Z,2024-05-11T13:45:50.869Z,"['ebjzt7mi1h4', 'dz8dfm5lcpc', '9ywb9eb4q0g', 'r66et4z0ps', 'jnoe8pl3407', 'ot8r2ol6bj9', 'qvczblfod3', 's5g0al9u0h', '8101ufx0kyt', 'gddilzvtbyu']",,,,0.6172139437345834,211,0.646894245864869,0.5722575422918905,0.5718153293851351,0.3703909361737894,0.6245620638667837,7488,0.8680373422810392,2024-05-11T13:45:50.869Z,2024-05-11 19:15:51.076357
1,8831,00t7d948kriw,sue7orodjq,ojbo9a20bfp,4248,9102,7384,2336,2799,,2024-05-11T13:45:50.869Z,2024-05-11T13:45:50.869Z,"['q4big2wrnl', 'nhlzitkfdu', 'zyus3ot9h0n', 'biuq0d8lvy', '0sz2vxak2xcf', 'd5pb16gdgo6', 'xbptsvshs2', '9cl2sb9e4ji', 'g5w9joa77j4', 't2au7foeaom']",,,,0.5146725473999831,8381,0.8949974404293977,0.5463000202017185,0.942897990180714,0.2846747871296691,0.9364350243628872,6947,0.23652224379272968,2024-05-11T13:45:50.869Z,2024-05-11 19:15:51.076357
2,6931,g12cqna2j3m,u1dlaoil3k,zwvnpjp88gb,7936,4678,5422,8766,4259,,2024-05-11T13:45:50.869Z,2024-05-11T13:45:50.869Z,"['di8546ege2r', '1ac5c3hfo4h', '36pkdhnf7m2', '6v52af7ybtj', 'k621fgx6u', '88036er5ms5', 'yfdyief74ur', 'w7fk0bm1lll', 'og5manp9j', '37odync0rhg']",,,,0.7779852730025334,87,0.9394536267797073,0.8691925016341382,0.7664472955340984,0.5484075056500031,0.055940899073082084,4178,0.4334366369597049,2024-05-11T13:45:50.869Z,2024-05-11 19:15:51.076357
3,7483,f4o0y0otvit,j8cd39bvvjf,2aswfax28wp,1346,9945,9857,3310,5020,,2024-05-11T13:45:50.869Z,2024-05-11T13:45:50.869Z,"['zraw4bch3nm', 'c61i4nx8fre', '61uf4smcods', 'bwk7o7q2hc', '801mp6rjbs', '0if20cr22fqv', 'f3qwvgm5fk8', '05pitsq04nb3', 'ztnf19ifzzs', 'b0299w97e7i']",,,,0.8063594693943434,889,0.204818478203026,0.14440167236469104,0.07199907441095066,0.1414648381434871,0.7509667828685658,8256,0.7925906002097611,2024-05-11T13:45:50.869Z,2024-05-11 19:15:51.076357
4,9305,aytsxqqae14,l968x0rlzoh,7yyamgdlj4a,9534,5917,1335,8429,5780,,2024-05-11T13:45:50.869Z,2024-05-11T13:45:50.869Z,"['crpddyi4jul', 'ocifatalgac', 'ybukog3clth', 'ynrlb76or8r', 'gn1mu7jjo0h', '3rg7pnozzch', 'w8mh8415l6', '1ao27j5hcxs', '68v1u63jsal', 'uigg8s4hpya']",,,,0.9788178270751906,5412,0.7443276413561006,0.7305919598055792,0.46997779506664417,0.775078299083449,0.016247597558366467,6069,0.6995493380175197,2024-05-11T13:45:50.869Z,2024-05-11 19:15:51.076357
5,4177,cg7feu0bksb,jnjc676ruc,qkq8kc6s53,2204,8882,6363,4632,813,,2024-05-11T13:45:50.869Z,2024-05-11T13:45:50.869Z,"['gpng2ekrmif', 'rmawqbeapb', 'abjcom66jar', '0ln3jhntel1', '86bzq7kyb5b', 'gyoybmcvwra', 'msxmk3dqig7', '3vk2jnodacv', 'f5j0dmaeroc', 'uub03k4z9kf']",,,,0.26248514076274465,3187,0.48133580833496037,0.10246124144825619,0.41655481403235317,0.1423132815237731,0.5735747646979121,3404,0.5919863369702383,2024-05-11T13:45:50.869Z,2024-05-11 19:15:51.076357
6,544,4dile86fsg7,ok6uzrplc6a,137kgg5f52kg,9066,6706,6941,8050,1524,,2024-05-11T13:45:50.869Z,2024-05-11T13:45:50.869Z,"['mc1az555mzf', 'hzgxjne8s0v', 'mj6nyg8hgih', 'iscmwtyp65', '6qit3yjttjc', 'btz9v5qdirv', 'mh3hnozvpeq', 'qgcpdhyrjz9', '6lc6c19nrgf', 'pc318ztasrl']",,,,0.4307281917717556,2481,0.022607484855146076,0.9975211345973618,0.27394518102875876,0.13180596789353705,0.9575604883681355,489,0.07088898658889464,2024-05-11T13:45:50.869Z,2024-05-11 19:15:51.076357
7,7705,gtvubsd6odq,z9as874h2y8,idt5ljp9op,1332,7559,8126,3869,8057,,2024-05-11T13:45:50.869Z,2024-05-11T13:45:50.869Z,"['ajuim3t9la9', 'w451u7a13x7', '0p88t8h63tk', 'z1au3kudsw', '391gv5cz7cl', 'kwnio4xdru9', 'sfc43icc04', '6stlclgr6mo', '07qoifxgz2ko', 'qm21xgbmc5c']",,,,0.6058507150169903,8890,0.5989953139029784,0.20685426062979362,0.5760566288873006,0.3268958274915612,0.9551393037315954,1681,0.3913248459271996,2024-05-11T13:45:50.869Z,2024-05-11 19:15:51.076357
8,4939,lslonc2v4t,tvvzal5a4zi,hbqudzcwjlc,1055,847,5990,4879,3302,,2024-05-11T13:45:50.869Z,2024-05-11T13:45:50.869Z,"['2k2y1vssm0q', 'eiskepmnyle', 's13u6fxmwx', 'dtbk3lmlgzh', 'egvqc8kwm1r', '5ul0ngnwekd', '9f1wm3klver', 'omwg5ub3air', '0tdvqglcfcd', 'uzpw65vsls7']",,,,0.4993028223912046,913,0.35424675892045343,0.9029543003305114,0.2966821149255745,0.9904541155945621,0.1569097779399402,9863,0.2565911514577004,2024-05-11T13:45:50.869Z,2024-05-11 19:15:51.076357
9,2403,zpc2kxpy7al,eeaexeiq1dh,akyy8ls5n85,286,6707,6141,7614,7793,,2024-05-11T13:45:50.869Z,2024-05-11T13:45:50.869Z,"['r4f1etz8f2r', '38j5r1l8b79', '9cji8zlncaq', '9jkef2ucpet', '3srzjvqnri3', 'uti2w6mc38h', 'f4ish6ltz97', 'cq09nz4smki', 'mkbliaet5og', 'iukx74y5z0r']",,,,0.11383357427826502,1483,0.8446508501280097,0.5579118072570177,0.6135182138094413,0.6032597467783181,0.3316047580532575,8987,0.42676161216384423,2024-05-11T13:45:50.869Z,2024-05-11 19:15:51.076357
0,6108,arkkzsr4fo,urf5cu4kdxm,41e78h5l7wi,5885,7326,7059,5601,9300,,2024-05-13T13:15:44.059Z,2024-05-13T13:15:44.059Z,"['kt7p4x1i9dl', 'fldizrwu576', 'n2lxleqxycs', 'ki0vgn5jyn', 'u5vjfm6keo', 'd1eornifo1j', '3mr1myij962', 'hca1kp4ubp4', 'ben7hoq6osl', 'khvg5rz5sd9']",,,,0.1353512108301962,4316,0.10534564693542658,0.8886943566786731,0.3828430899682913,0.9067256942436477,0.06692547874888444,2337,0.9614428117988358,2024-05-13T13:15:44.059Z,2024-05-13 18:45:44.697610
1,2293,3yr6uwll7e2,9l42c6m0pjk,6cunt6ijjrj,7507,8954,5447,9050,1611,,2024-05-13T13:15:44.059Z,2024-05-13T13:15:44.059Z,"['vmbtyoq833', 'g6fkwkcpgku', 'ml8p6fhduui', '3b87tz0jrz1', '42fl6gljgnl', 'fp3c39snxg', 'dkyrr12h99', 'o8yl5qbof78', '2n4dm5r9bb9', '7to719jxbe8']",,,,0.7969703569245166,503,0.10512362150959031,0.5311145269162152,0.5739225223417614,0.23826994462571172,0.5158633189787245,7841,0.7213791553459514,2024-05-13T13:15:44.059Z,2024-05-13 18:45:44.697610
2,4930,9370luaciym,tl41w1yylkr,10fzl6snowd,1670,8998,3225,838,7236,,2024-05-13T13:15:44.059Z,2024-05-13T13:15:44.059Z,"['yxnxmos4ma', 'oitemiitccj', '5ghdhq293', '2ooq925o7bv', 'wix84w2pqm', 'cg5glzzbq3v', 'fbc1nzphrk', 'xx9k9qpmzlf', 'wv6una9wffm', 'c0k0jg6spfv']",,,,0.1686175576994251,986,0.14854825478029987,0.9201128281172462,0.5331025449319209,0.3058684085130965,0.8881304438271767,840,0.34416469129616467,2024-05-13T13:15:44.059Z,2024-05-13 18:45:44.697610
3,2020,kb9p6y314sn,z1y3ht3v4qm,g2gos0dt38g,9906,4785,6190,487,6965,,2024-05-13T13:15:44.059Z,2024-05-13T13:15:44.059Z,"['umns9s210r', 'n2rwbuyxtlh', '5wxpx9s0r3x', '96cbtzhmoth', '5afx8iin4wk', 'w2dq3bvuz8', 'bcyownw8ybu', 'gdj9agjtdtk', 'a3hjlibzmwu', '3ehyhsap99y']",,,,0.6648070764761975,5378,0.9237867369775608,0.9688685675230602,0.02351344492942431,0.9853820811281373,0.6782601288959111,9011,0.20772117289353176,2024-05-13T13:15:44.059Z,2024-05-13 18:45:44.697610
4,3532,ufglwkckr9p,dcnwkmgjtbf,xtz31g4i5up,1042,9483,7430,9094,8480,,2024-05-13T13:15:44.059Z,2024-05-13T13:15:44.059Z,"['atarjp874is', 'g5r0jhykhlc', 't6587rihooc', 'xopqx9z7dz', 'jrrjjiejyrc', 'w1nlx9bxwx9', 'gnegw6qsfim', 'p9czv9q8s6j', 'slpsks50s7', '8rh7ec2fcwu']",,,,0.2496357908818223,497,0.11428119899474942,0.39127379184310707,0.31230273404823405,0.5805948672211656,0.550468604882782,1897,0.618708268753597,2024-05-13T13:15:44.059Z,2024-05-13 18:45:44.697610
5,2695,mv7f17tguc,gm32cmky5mj,fgk5omr2k0f,7098,993,1378,955,1781,,2024-05-13T13:15:44.059Z,2024-05-13T13:15:44.059Z,"['om37cbwq9m', 'pq587oyq11', 'zvkeasqte5s', 'mcocsbf7nn', 'z23mrna7ye', '47lohvwjj0y', 'sx16500ve3q', 'cg617f8sy9e', 'whfuhr2ov6f', '8iily365q9']",,,,0.4949374968411844,7635,0.1870746101084373,0.6872206048289007,0.33830044724746333,0.3708577936188162,0.6180704339995764,5260,0.4423274293942334,2024-05-13T13:15:44.059Z,2024-05-13 18:45:44.697610
6,214,2slo34u69kx,ltnvc49y4j,tkp4kisst8,4611,6486,1937,9396,4553,,2024-05-13T13:15:44.059Z,2024-05-13T13:15:44.059Z,"['qys39hwltlb', 'vborzo1x2bs', 'mllrf4h4e1', 'ofec49c5pvo', 'en6442fbri', 'to9kby6xd6h', 'cndt82v0mv6', 'l4joxomibge', 'z0vhwdprim', '5gvwngydg4o']",,,,0.519408983695937,1580,0.8024602392305493,0.12291145064628917,0.3932889358692031,0.9604244893559328,0.8867788847770446,6368,0.6120046212605537,2024-05-13T13:15:44.059Z,2024-05-13 18:45:44.697610
7,5896,pyusjoxfk8r,r9qif3d0zi,npk3fmrdmhm,3296,3503,5274,8466,3049,,2024-05-13T13:15:44.059Z,2024-05-13T13:15:44.059Z,"['gf8n0bwwd67', 'h5orcboqnuc', 'budbwpkuwut', '1185nb4rs089', 'hr8a7s0wyp9', 'fkkw8gb00ud', 'x754dcs8uzb', '2rjr85mx7qt', 'l3oyqxif0u', 'jconkna96w']",,,,0.3484732241931541,6419,0.0325046727406364,0.3414669015588525,0.2009560374018753,0.4198470187269492,0.704292765015289,5869,0.4016062341448139,2024-05-13T13:15:44.059Z,2024-05-13 18:45:44.697610
8,4017,99igk4d9vn6,bvufa7rdx0m,rcx3gbeyozi,7416,2561,2477,9078,1568,,2024-05-13T13:15:44.059Z,2024-05-13T13:15:44.059Z,"['8nmlb9tof76', '13p823uy9tcb', 'vcb2i99afvk', '5p9ufy1z6ms', 'm437jsm8k4a', 'mvdtdqqibul', 'j36htcfd0da', '5mf4hh7kq0d', '9e6spthjh66', 'xe0epxyzdl']",,,,0.7482780293453224,2805,0.40003366682814345,0.2516501405240994,0.6315191423920075,0.18344531170655354,0.4474415769049698,8440,0.44098089378181426,2024-05-13T13:15:44.059Z,2024-05-13 18:45:44.697610
9,8528,115gqi9gsk0m,wr46l8bdix,kyxr7jnxw27,5992,6951,7713,570,9373,,2024-05-13T13:15:44.059Z,2024-05-13T13:15:44.059Z,"['xg8ivknroxo', 's1rxkloxev', '4bkt1x8j8ve', '401pwvhtibw', '6kym09vr15r', 'ob8ah0lxet', 'uvtxgrdpgw', 'kvuze6tmfni', '2qcun5vq7eu', 'qsbsmolkupd']",,,,0.14610904849271455,7209,0.4667010207451079,0.6079827939640468,0.6374107971502785,0.4312740969153235,0.09170900014756866,8744,0.35932953067550755,2024-05-13T13:15:44.059Z,2024-05-13 18:45:44.697610
0,7692,uvuhp9mxw9,96l13ivncld,hfdkfi0fh85,9727,3347,7689,9899,7505,,2024-05-13T13:22:27.391Z,2024-05-13T13:22:27.391Z,"['mkp2nxkmsbi', 'jes0lv3wplj', 'kvkuycnlvp', '5tfrzgi4vk7', 'r06cr7hd0fi', 'kcd40gny49i', 'uvche8z68e', 'm7af4102jk', '8k7z157unh6', '65pvsukli5t']",,,,0.8923450649480429,5003,0.8617374566270548,0.7966124524385143,0.885213012765705,0.8660784907494847,0.2441062933501117,8656,0.1133096213010436,2024-05-13T13:22:27.391Z,2024-05-13 18:52:27.949967
1,454,mohiyxwo4t,eljy6e5w54,46ndkvgenox,7761,7535,3777,1897,3156,,2024-05-13T13:22:27.391Z,2024-05-13T13:22:27.391Z,"['cd45oj5z3ko', '6zse37plpor', 'i9b1s9h0zg', '4s2xum4vtuq', '675zx2erm3s', 'a3d271lvtl', 'x6hkimaugm8', 'efc7agvvx1t', 'rigl8v5o7y', 'cx23l67ab76']",,,,0.2678860262619973,3666,0.4355024649734913,0.8008724449327562,0.41991469684439786,0.5096366573373032,0.009403815202337684,2614,0.7640792700798942,2024-05-13T13:22:27.391Z,2024-05-13 18:52:27.949967
2,9862,jaqfuoz80o,vr8beqh6fwj,yfvzpa8l7d,448,4611,7118,8516,7054,,2024-05-13T13:22:27.391Z,2024-05-13T13:22:27.391Z,"['hr019bj3io', 'w0362latcl', 'wzlfu2jegd', 'itc7sntyk4', 'zirfpuzv9w', '0nj3hrnxvwal', 'rph0vrfxwpe', '05wb65kr85ka', 's3z68l4hbuj', 'cmimpe7it6e']",,,,0.6762683630182831,5201,0.06573202876417938,0.7286539298900165,0.8613833742438981,0.590824477976585,0.7503504212164234,5011,0.7212905851084006,2024-05-13T13:22:27.391Z,2024-05-13 18:52:27.949967
3,3234,xuf8ny2gban,tqhfug7w3a,cwfck4sd7ip,4471,3530,2247,7547,1424,,2024-05-13T13:22:27.391Z,2024-05-13T13:22:27.391Z,"['6w1ur16tvs3', 'lllzd60gh', 'dv2mv9yjffg', '1iyiiuonjfj', 'i2ujjn0jnom', 'rmzz2vzp6yb', 'khlgxkjtt6h', 'v9cfnp5eob', 'o7fxe1nb5wg', 'dm4f1h1559i']",,,,0.4292473350946633,6811,0.4440263146963628,0.9086237211871524,0.7827573201259457,0.9612468062503963,0.4474440043189667,3622,0.1100260252599583,2024-05-13T13:22:27.391Z,2024-05-13 18:52:27.949967
4,9028,dmq1bacdkbp,3a8aqf5bkjh,jgqpoxz98g,5144,566,3704,753,2959,,2024-05-13T13:22:27.391Z,2024-05-13T13:22:27.391Z,"['e7h8w3wix4w', 'd5m0dq3zmgt', 'giouqitthqt', 'aovanioaldb', 'aof8etmmwhj', 'cfh961iwxgc', '84baikyhqyv', '1zmrztlxiha', 'mqsekbjjlde', '7iuc0p2gr3l']",,,,0.7484266959857999,7115,0.629474479976974,0.6319059984690221,0.9674853045957514,0.2308023485756885,0.006352400918167467,3316,0.7935708306672835,2024-05-13T13:22:27.391Z,2024-05-13 18:52:27.949967
5,5259,jawtrg95di,e9ihat5ph6n,2vqu1hxdqgj,8410,2598,9873,4471,7204,,2024-05-13T13:22:27.391Z,2024-05-13T13:22:27.391Z,"['xlrssc9b8c', 'y8e5r55a4qd', 'aphochq7c9v', 'ekk54sas7vk', '1acsdvyf09kh', 'e8dvdkt8t1v', 'tbp3hmssu4o', '583b1vml135', '7ixj6f4y37w', 'yssm0yqva3p']",,,,0.08690617456936867,174,0.981270660365017,0.28813861781316663,0.4343258949149327,0.5932919611466367,0.5231844769461311,1872,0.8764418709837194,2024-05-13T13:22:27.391Z,2024-05-13 18:52:27.949967
6,7610,1y0qa0yg9xgj,7sbocoarkzn,zsrp6mkc1af,5632,6295,3054,1558,7882,,2024-05-13T13:22:27.391Z,2024-05-13T13:22:27.391Z,"['8nd2oz2te3p', '0rim0dy6z13k', 'fx2vjm52e8t', 'b7swp36m2nr', 'cxi3bf4hu5k', 'r9w9fkjde3r', '1s6qjia2vm2', '86q1759486', 'thkhpfl0y6e', '225ul1epocd']",,,,0.42047842810911273,5508,0.7216642341129886,0.8367394076380517,0.31998494238506536,0.4041586968391435,0.6659240261171662,5449,0.16016018764506867,2024-05-13T13:22:27.391Z,2024-05-13 18:52:27.949967
7,8801,v7g4123v85,e0oekqvdfkq,9qesegso16m,6719,7470,4943,307,5630,,2024-05-13T13:22:27.391Z,2024-05-13T13:22:27.391Z,"['soqmnna8chc', 'r3gwzrkhsw', 'yf1uyftw35', 'u0e3exjgk', 'q41steceim', 'xqkdgukkdf', '5tdhjqc1bne', 'tlvug6of3r', 'axiqd1mt0ur', 'k034zgtkfab']",,,,0.8679855008124275,9523,0.7444119894695529,0.4585920834081987,0.057832690526940844,0.04234235803342856,0.40482394570862557,9912,0.7597874816863761,2024-05-13T13:22:27.391Z,2024-05-13 18:52:27.949967
8,8556,9dfsf4ldwfm,ovkppxgkogh,yfqb5kssqsc,2631,5442,4995,4355,796,,2024-05-13T13:22:27.391Z,2024-05-13T13:22:27.391Z,"['1lft8xqvoy6', '7k0q93thd3i', 'nm2twj3rjsn', 'lswlixna2oe', 'gsddvwtz7zb', 'vb8wkhkioyq', 'qtp37d61pc', 'bk4d3ft6arj', '2xh05yvg9mu', 'qjyaqldp1']",,,,0.9560296967375632,2898,0.5687978486768352,0.3471909180861745,0.6573101734832334,0.8583543501329125,0.6479201121952154,6703,0.08203960735321814,2024-05-13T13:22:27.391Z,2024-05-13 18:52:27.949967
9,2409,xbd1qb0k8x,613pcba5nev,txi9mys9h2r,477,7157,2370,4225,7197,,2024-05-13T13:22:27.391Z,2024-05-13T13:22:27.391Z,"['q0kywxgjxd', 'mgcp46oxxr', 'o2tpknkozp', 'sbyxin8ysd', 't3batn1qjx', 'wql75w9rzz', 'jk282yuy8wn', '5mnthu7a88v', 'jny5uzu504e', 's1utvrzp35h']",,,,0.9552858682757939,9880,0.8675249621552963,0.8933880060454622,0.45709566010768166,0.6520265598561943,0.9181626107962539,8704,0.3863794017609985,2024-05-13T13:22:27.391Z,2024-05-13 18:52:27.949967
0,2621,wgqdlcdjjy8,d64zutlblv,ivux7t8ej8i,8648,5784,3384,159,2891,,2024-05-13T14:07:03.023Z,2024-05-13T14:07:03.023Z,"['sml8y4pya9t', 'wml70gnl4r', '8cpckf6rozm', '5gmyf7zmha7', 'bjg1j40tgzp', 'dzumb6to9cb', 'p4nvoa6x2i', '55vvpf0ok6x', 'a5h5sufsf8f', 'j3x0j58s0s']",,,,0.8352687480067797,2909,0.9054287040650251,0.4325927211948768,0.6177389730294889,0.22454306943403646,0.6198590071594794,3373,0.08878336767635808,2024-05-13T14:07:03.023Z,2024-05-13 19:37:03.278035
1,4642,2ubyz41xdy8,hvc7t6tpcah,1el17u5jxnq,6816,7015,2777,6171,3830,,2024-05-13T14:07:03.023Z,2024-05-13T14:07:03.023Z,"['nrngljehlmc', 'jfeg6or8ldj', 'bbmdq0g2sc', 'qide41qwmlf', 'ag6y0s930r', 'q58pi2e9p2m', 't9zwoorpvdq', '6lxyv41u5c8', 'ryw893c3v1', 'v6r4sv0dvv']",,,,0.07040620276155818,4919,0.901239697524556,0.755941552517394,0.6489986782363746,0.7777745280139714,0.4895180596099835,6102,0.6607843974131984,2024-05-13T14:07:03.023Z,2024-05-13 19:37:03.278035
2,9764,ujd90lvlc4,ql4gs18x6fh,uwzg14eihln,9369,504,5875,4219,9183,,2024-05-13T14:07:03.023Z,2024-05-13T14:07:03.023Z,"['3ezvifkb0zy', '1qmqjscayj5', '390tghbzcy7', 'wgiknfqeh5', 'tpx65tdmmag', '4lk60qpia5n', 'expbp2t4l5h', 'cmvx4w3yzcq', '5bpbmvu53d', 'qn258hknuqr']",,,,0.010435652926495287,3508,0.7718665147999841,0.013230040291573264,0.8718545556980593,0.7166554234645712,0.5073587790340157,6394,0.8776938630625926,2024-05-13T14:07:03.023Z,2024-05-13 19:37:03.278035
3,804,8auqwb7c5s6,npotrnd7k0o,8rr52yrkznh,4752,3110,3678,9384,5877,,2024-05-13T14:07:03.023Z,2024-05-13T14:07:03.023Z,"['96q6v4hsxiw', 'lisfzrxqigc', '1l4vhbu15ovj', 'y0jo15f6kjb', 'ztg788p1tv', '6sin9ni66a', '8moc444wyd3', '7elqjpix4ia', 'mpdppxwgy7', 'l4hef8eino']",,,,0.8086266481824191,8556,0.7421046094723889,0.005557108489780527,0.5375997075877714,0.7700022821418917,0.9577057033655614,7354,0.6116411490351463,2024-05-13T14:07:03.023Z,2024-05-13 19:37:03.278035
4,9944,rzm2y5cfywk,pv8kxfsbhl,n8r4jney2rb,8836,6189,5381,8316,3454,,2024-05-13T14:07:03.023Z,2024-05-13T14:07:03.023Z,"['91zhv2khg5r', 'wx87o5ad99', 'owvmewin6t', 'gcwgg8qrok5', 'cnu4mu2kqcq', 'tf7n2vvdmxq', 'o5l8xhw3oso', 'mkx98sstt7t', 'cedaqhwyqwa', 'z4eyflc8qpa']",,,,0.9195216049205681,6372,0.9861625079982486,0.21270339616624256,0.28356677413318954,0.9062493560407283,0.38029370373006177,9136,0.06837851983601739,2024-05-13T14:07:03.023Z,2024-05-13 19:37:03.278035
5,6601,1ewfteg4cdc,re8watjpzvb,18q6xgqlzqx,9545,487,5260,5756,8858,,2024-05-13T14:07:03.023Z,2024-05-13T14:07:03.023Z,"['79ube6b4bnq', '84jpt1z2bdc', 'slwssu87eu', '6j7uli944bp', 'tjbo4tuws6k', 'q1p6iktf7sr', 'i78ar2smhg9', 'wexhb496vo', 'e5fq26rrjjl', 'cn1mbnrg33e']",,,,0.5095596011704833,1509,0.11085721503721069,0.11722161108298024,0.016320589141344044,0.4717849953617699,0.8163063135329904,7106,0.7649480881075059,2024-05-13T14:07:03.023Z,2024-05-13 19:37:03.278035
6,3843,4vewphk7plp,msfoc27nks,8m37ewzlxpt,8532,7111,8570,6584,9865,,2024-05-13T14:07:03.023Z,2024-05-13T14:07:03.023Z,"['99qonmfbbkp', '2ppvkogme9y', 'w86lte9s409', 'b76nw4cl0ij', 'g9ko4bjwk45', '948v3r978yp', '0ri8ulab80j', 'auffi9k8y9e', 'b9eu7z6q6j', 'u4jmvazckds']",,,,0.011112394262394298,694,0.5314352042455128,0.11099297071033787,0.5576999311507238,0.5892320892176475,0.6551891265716236,8353,0.8321841542689226,2024-05-13T14:07:03.023Z,2024-05-13 19:37:03.278035
7,8552,x8an7ean9m,s6tr770sh1t,xqo4vl8po8b,2385,1208,2977,6301,8568,,2024-05-13T14:07:03.023Z,2024-05-13T14:07:03.023Z,"['s3pnli6nex', 'dojuvhw6usr', '2gu87aguo8', '5heqtr861iw', '9mox25bzpg', 'u9oc5hi10wp', 'punu04se76s', 'k3ahub31fa', 'yqe8att5io', 'hv58ice9ipm']",,,,0.6680042906469423,6825,0.06657255659615946,0.16007990729637922,0.65711695783981,0.03919071461502677,0.09936126851126192,4713,0.04117458092541093,2024-05-13T14:07:03.023Z,2024-05-13 19:37:03.278035
8,9474,cqoj9i7hkdd,evhxaxwoo6u,7mbse9uk7u2,3663,2001,5095,3981,4152,,2024-05-13T14:07:03.023Z,2024-05-13T14:07:03.023Z,"['zp9ehpnuco', 'u4jk5q34eq', '9iyn76d70ic', '8zsitv47jc3', '9jxqzqx3608', 'zwr6k4zznwn', '5w8y5znxnsi', 'nkzma36duhp', '665so2fdlre', 'dh44o5vdyeu']",,,,0.03592139343358336,9325,0.423220341945604,0.3075310943460079,0.1562097096452666,0.5686095919651761,0.13326258418986292,6398,0.324757555013224,2024-05-13T14:07:03.023Z,2024-05-13 19:37:03.278035
9,5478,knpm8yqxg5q,98fjssim5lp,34lz5rkx1yd,5964,8731,900,9476,5129,,2024-05-13T14:07:03.023Z,2024-05-13T14:07:03.023Z,"['mkqzdru6no', 'ssl5e9df7fk', 'p2ah2t7vf4', 'nz8nzmdwpn', 'wowfp48wgw', 'ezl2rbm3d9j', 'fwv7ysy40zs', 'qrxyjwjprzo', 'csxxw0815sm', 'ft6qb9wf3g']",,,,0.53567321703948,4382,0.49376279460601147,0.7320692190574241,0.8777986940564695,0.22021715517532092,0.6682631316442242,5595,0.32295923982908903,2024-05-13T14:07:03.023Z,2024-05-13 19:37:03.278035
0,9217,ls2921yct9j,m55nm0yoil,c7zy0sf9grj,7563,6166,3488,8527,8959,,2024-05-16T14:37:52.188Z,2024-05-16T14:37:52.188Z,"['wnhh7ideoy', 'tl9w475uq7', 'yqr8tryyseq', 'o9hv4e5n00b', 'eqtfcmrxo7l', 'z8s69iz2in', '51ftr5f2gf', 'qih82fspfxl', 'knwt08yg96o', 'v0ugwyxlr7']",,,,0.8650226085967734,4594,0.7488678802612692,0.5398671925523748,0.21444690385503606,0.805797749478856,0.4171019282265549,2275,0.22367303527099636,2024-05-16T14:37:52.188Z,2024-05-16 20:07:51.968950
1,9070,4apf0upcvha,jzgg57pfsxo,zf6eg41bfvk,4240,1444,4595,3262,2708,,2024-05-16T14:37:52.188Z,2024-05-16T14:37:52.188Z,"['57mzx0zjlq6', '0yf9750igw7p', '5dpmyit51e8', '0mpx1ev46a5', 'mni3qv2quis', '03gqe6s4je6l', 'xt47cw3689q', '37h5dhr4b9w', 'ik5rqxiegag', 'xa2trdh4i7']",,,,0.0607234690551437,1087,0.6875439455163412,0.4054010864429849,0.2519459238779973,0.04763390660529265,0.24972301146003217,4253,0.11412600345203816,2024-05-16T14:37:52.188Z,2024-05-16 20:07:51.968950
2,1362,kt6uqrmdkp,0o8t0l1t6o4,df2lcuhhgua,6249,3762,7178,4058,572,,2024-05-16T14:37:52.188Z,2024-05-16T14:37:52.188Z,"['yoaplhg6n5f', 'ast6odg9yxv', 'hz6k5q02vvg', 'cj6u777wn9g', 'inmkv306t1j', '39ieizvoi78', '4pq91c4667s', '2m8ssdabtne', 'vjyou2rrh', 'cbkg3s8baf7']",,,,0.4987126329633367,457,0.21712222861799058,0.6826232164038397,0.44999121614072335,0.2357832052200437,0.41960777529604254,6863,0.7724475867072014,2024-05-16T14:37:52.188Z,2024-05-16 20:07:51.968950
3,5823,tyqd71gmbno,5u0fv2sgcap,nz4nbsixgr,142,7816,9995,8072,9092,,2024-05-16T14:37:52.188Z,2024-05-16T14:37:52.188Z,"['4ogu9clpsn4', 'hyhk4qw98oi', 'goeo2b7yg4g', 'zzo03sy1uka', 'h9frd3ajaob', '5ti364ow2rt', 'faby325dj0p', '1l0wm78n488', 'uoqarift8kr', 'r3rpq2td1sp']",,,,0.16081705113542655,2735,0.8088128120320872,0.27820370262426186,0.8990991628326699,0.01759739479544975,0.5563465863357642,9139,0.10883194034519095,2024-05-16T14:37:52.188Z,2024-05-16 20:07:51.968950
4,8687,3q919ui2y27,v9502gsh1c,53ukih6load,227,6626,6270,3434,5900,,2024-05-16T14:37:52.188Z,2024-05-16T14:37:52.188Z,"['o985wl6ik4m', 'hlf4xz140nh', 'u0c6yqipj5', 'sro0jji8p78', 'eyw80azmgol', 'ee4ux8fbar', '1gdeyjol4v6', 'k92zinj3jtp', 'oijlvq38q4', 'kuixebeqx5g']",,,,0.7711881396688078,6864,0.9629504216595881,0.2707117928522418,0.9545312261084609,0.39021299172203516,0.22865184265618899,2511,0.6641762036723671,2024-05-16T14:37:52.188Z,2024-05-16 20:07:51.968950
5,9970,oycbo8ndcp,o7jzcqbkmzj,h1nj9ukbhf,8641,9279,5742,8042,6026,,2024-05-16T14:37:52.188Z,2024-05-16T14:37:52.188Z,"['8tukahgxl1k', 'pp3k22egti', 'acjy4h7rx1r', 'p8udxya626', 'pxpvam3ysr', 'xv9d0u3riq', 'lpn4ba0830s', '3xhnwqlv145', 'n501g7phpyq', 'f3qnke71xx']",,,,0.2830370103941604,1634,0.3513217234676467,0.906087946068576,0.4299816862153545,0.3842255974795541,0.6691457810865771,8234,0.9469975884690498,2024-05-16T14:37:52.188Z,2024-05-16 20:07:51.968950
6,1731,9xmj39diaph,yz2jqf2pnuc,a3pv1w93s0n,7691,9735,2150,8009,5377,,2024-05-16T14:37:52.188Z,2024-05-16T14:37:52.188Z,"['e2tpgsdhog6', 'cry02246ork', 'hp6ungh7kc5', 'hjphuveyiqp', 'bbc2h6ajplb', 'r5reluqj21', 'lqotw06l25', '05gkga29ecay', 'vxz4uhfkrc', 'l8wn6dztwqs']",,,,0.1016824758690047,6904,0.463500125386463,0.5838927418864333,0.9913654467461506,0.8381098202621011,0.8582763601800081,2797,0.9628806609305203,2024-05-16T14:37:52.188Z,2024-05-16 20:07:51.968950
7,9756,1jyxrfwitmg,gcjzm2i29fv,gmzws1bongi,5960,3335,2430,1641,4503,,2024-05-16T14:37:52.188Z,2024-05-16T14:37:52.188Z,"['busauswm0je', '356b2inxx9s', 'bxeavoh7616', 'lttt8jlpd', 'ais8s8crvj5', 'pojtq0ni99', 'kg5ijhhdppj', '08c27oszwu6c', 'hlcpz5gbgk', 'pg0sqct8j1n']",,,,0.28314572646617053,2519,0.5303940250448806,0.3383129318828446,0.41361245175110595,0.8067119056315168,0.13964194285274867,191,0.7702023845420931,2024-05-16T14:37:52.188Z,2024-05-16 20:07:51.968950
8,830,0c3hcg6b1ncn,ccdr0kzeala,3gvslsq7ln2,9533,6363,1374,3192,2836,,2024-05-16T14:37:52.188Z,2024-05-16T14:37:52.188Z,"['6y2eyma9dw6', 'bnafx6rovke', 'kjb9nw4w11k', 'yn91s9t9ulk', 'cp6xqn4eo8l', '42ohy131jxt', '6fezcn4ex0p', 'jwfaysin578', 'hrxhz7xc52q', '7jupqao67qu']",,,,0.7458050200835673,7632,0.9937227386610952,0.9110662733386654,0.9804859069957592,0.11481261969113121,0.944847356303774,6331,0.5758789482614537,2024-05-16T14:37:52.188Z,2024-05-16 20:07:51.968950
9,822,cx33z4gpx4c,jx25p6pfye,pz4zektw4sm,9139,6853,9585,3653,7083,,2024-05-16T14:37:52.188Z,2024-05-16T14:37:52.188Z,"['g9n05zzdt6g', 'v0dp9knew1', '1gy0binr57x', '92to1n63xda', '60v82qvf27v', 'c9bnjka649', 'njgb47k7kxd', 'bussskses5p', 'bx4czmok4ad', 'wbujeqik88']",,,,0.3093173494738708,5820,0.9275346056717959,0.6124107713324856,0.23858467333731248,0.8993450738166417,0.7488755456265284,2153,0.8224178657824026,2024-05-16T14:37:52.188Z,2024-05-16 20:07:51.968950
